location_id,zone,borough,centroid_x,centroid_y,zipcode,county,neighborhood,median_household_income,median_home_value,population,population_density
1,Newark Airport,EWR,-74.174270275862,40.69024330172404,07114,Essex County,,19639.0,253200.0,14748,1980.0
2,Jamaica Bay,Queens,-73.8298447614632,40.61112041531353,11693,Queens County,Rockaways,50570.0,323100.0,11916,11950.0
3,Allerton/Pelham Gardens,Bronx,-73.8465098633635,40.864294038404864,10469,Bronx County,Northeast Bronx,57776.0,427100.0,66631,26903.0
4,Alphabet City,Manhattan,-73.97520908904802,40.723853149707395,10009,New York County,Lower East Side,59929.0,672800.0,61347,99492.0
5,Arden Heights,Staten Island,-74.18980260697641,40.55667805421754,10312,Richmond County,South Shore,85324.0,467300.0,59304,7723.0
6,Arrochar/Fort Wadsworth,Staten Island,-74.07174675600425,40.60111748548471,10305,Richmond County,Stapleton and St. George,70758.0,415300.0,41749,9819.0
7,Astoria,Queens,-73.9193650454889,40.7614329365109,11103,Queens County,Northwest Queens,55129.0,648900.0,38780,54537.0
8,Astoria Park,Queens,-73.9233958241691,40.77807743974382,11102,Queens County,Northwest Queens,49924.0,597700.0,34133,42255.0
9,Auburndale,Queens,-73.79018835662427,40.750302438936394,11365,Queens County,Central Queens,55492.0,580300.0,42252,16923.0
24,Bloomingdale,Manhattan,-73.967739177612,40.80294679300085,10025,New York County,Upper West Side,68516.0,934600.0,94600,125860.0
10,Baisley Park,Queens,-73.79031743432475,40.677930756477615,11436,Queens County,Jamaica,62114.0,365500.0,17949,22783.0
11,Bath Beach,Brooklyn,-74.00902265466559,40.60269195902147,11214,Kings County,Southwest Brooklyn,43398.0,598800.0,88630,40566.0
12,Battery Park,Manhattan,-74.01547738338618,40.70209109378635,10004,New York County,Lower Manhattan,129313.0,894200.0,3089,5519.0
13,Battery Park City,Manhattan,-74.0173256030012,40.70941900773057,10280,New York County,Lower Manhattan,129574.0,685700.0,7853,56710.0
18,Bedford Park,Bronx,-73.88938681168743,40.8688767444921,10468,Bronx County,Bronx Park and Fordham,33776.0,171200.0,76103,70778.0
25,Boerum Hill,Brooklyn,-73.9859294600869,40.686587662101374,11217,Kings County,Northwest Brooklyn,81862.0,857000.0,35881,47796.0
14,Bay Ridge,Brooklyn,-74.0292460573035,40.62519597292938,11209,Kings County,Southwest Brooklyn,58261.0,625600.0,68853,31845.0
15,Bay Terrace/Fort Totten,Queens,-73.77860618505592,40.79099485971973,11360,Queens County,North Queens,76183.0,524000.0,18884,13251.0
22,Bensonhurst West,Brooklyn,-73.99579855752069,40.60880523078703,11204,Kings County,Borough Park,45472.0,657500.0,78134,49173.0
23,Bloomfield/Emerson Hill,Staten Island,-74.19051212465776,40.60462435297202,10311,Richmond County,,,,0,
16,Bayside,Queens,-73.76797232853133,40.76281126316479,11361,Queens County,Northeast Queens,75335.0,574200.0,28606,16269.0
17,Bedford,Brooklyn,-73.9503161777868,40.6923989522704,11206,Kings County,Bushwick and Williamsburg,28559.0,533400.0,81677,56939.0
19,Bellerose,Queens,-73.72886971018568,40.73468188788073,11426,Queens County,Southeast Queens,82301.0,460500.0,17590,13039.0
20,Belmont,Bronx,-73.88536610645447,40.85894073699993,10458,Bronx County,Bronx Park and Fordham,24618.0,330300.0,79492,78784.0
21,Bensonhurst East,Brooklyn,-73.99043980619615,40.596885770344926,11214,Kings County,Southwest Brooklyn,43398.0,598800.0,88630,40566.0
26,Borough Park,Brooklyn,-73.98795177269224,40.63073748249222,11219,Kings County,Borough Park,34316.0,726700.0,92221,62225.0
27,Breezy Point/Fort Tilden/Riis Beach,Queens,-73.89081930147171,40.56129837263246,11697,Queens County,Rockaways,87636.0,525600.0,4079,1838.0
28,Briarwood/Jamaica Hills,Queens,-73.80698408223755,40.71231350900487,11435,Queens County,Jamaica,53041.0,338100.0,53687,35447.0
33,Brooklyn Heights,Brooklyn,-73.99550145502987,40.69696427095926,11201,Kings County,Northwest Brooklyn,95369.0,669000.0,51128,35981.0
29,Brighton Beach,Brooklyn,-73.96050734707576,40.57993399288159,11235,Kings County,Southern Brooklyn,41639.0,531000.0,79132,35237.0
31,Bronx Park,Bronx,-73.87512407634516,40.86031038346422,10458,Bronx County,Bronx Park and Fordham,24618.0,330300.0,79492,78784.0
32,Bronxdale,Bronx,-73.86541526840392,40.862116079464556,10469,Bronx County,Northeast Bronx,57776.0,427100.0,66631,26903.0
30,Broad Channel,Queens,-73.82289586807934,40.602882041910725,11693,Queens County,Rockaways,50570.0,323100.0,11916,11950.0
34,Brooklyn Navy Yard,Brooklyn,-73.9782723436008,40.704714988707146,11205,Kings County,Northwest Brooklyn,44688.0,636900.0,40366,42508.0
35,Brownsville,Brooklyn,-73.91032893203258,40.663990621307086,11212,Kings County,Central Brooklyn,28348.0,391700.0,84500,54944.0
36,Bushwick North,Brooklyn,-73.91683429697895,40.69925991247543,11237,Kings County,Bushwick and Williamsburg,40372.0,464500.0,49896,50927.0
37,Bushwick South,Brooklyn,-73.92392072772931,40.69546427339086,11237,Kings County,Bushwick and Williamsburg,40372.0,464500.0,49896,50927.0
38,Cambria Heights,Queens,-73.73553021222955,40.695104353263055,11411,Queens County,Southeast Queens,83099.0,387900.0,18556,15875.0
39,Canarsie,Brooklyn,-73.89010903864794,40.64458394957818,11236,Kings County,Canarsie and Flatlands,61061.0,478700.0,93877,26112.0
40,Carroll Gardens,Brooklyn,-73.99662564459295,40.67789943259295,11231,Kings County,Northwest Brooklyn,78174.0,912000.0,33336,23441.0
41,Central Harlem,Manhattan,-73.95057322060859,40.80335612940569,10026,New York County,Central Harlem,43107.0,602400.0,34003,102315.0
45,Chinatown,Manhattan,-73.9980492213935,40.71156838061706,10038,New York County,Lower Manhattan,66074.0,616300.0,20300,68214.0
46,City Island,Bronx,-73.78291517371082,40.851329485061214,10464,Bronx County,Southeast Bronx,70078.0,484000.0,4534,1295.0
42,Central Harlem North,Manhattan,-73.9370746563841,40.826384446033764,10039,New York County,Central Harlem,33595.0,352300.0,24527,52965.0
43,Central Park,Manhattan,-73.96649770875561,40.7815070348396,10162,New York County,,168667.0,,1685,148228.0
44,Charleston/Tottenville,Staten Island,-74.23734818312747,40.529939284356956,10309,Richmond County,South Shore,86297.0,539100.0,32519,4840.0
47,Claremont/Bathgate,Bronx,-73.90047161694586,40.84321380141885,10457,Bronx County,Central Bronx,24949.0,397500.0,70496,66425.0
48,Clinton East,Manhattan,-73.99074395346146,40.76139808919221,10018,New York County,Chelsea and Clinton,104635.0,1000001.0,5229,16251.0
49,Clinton Hill,Brooklyn,-73.96138225466316,40.69025446809173,11238,Kings County,Central Brooklyn,65315.0,656800.0,49262,44555.0
50,Clinton West,Manhattan,-73.99747392973036,40.76783757642027,10019,New York County,Chelsea and Clinton,84424.0,808600.0,42870,63042.0
51,Co-Op City,Bronx,-73.83037051104496,40.87553226434225,10475,Bronx County,Northeast Bronx,43629.0,76000.0,40931,23753.0
52,Cobble Hill,Brooklyn,-73.99623989621612,40.68651995745938,11231,Kings County,Northwest Brooklyn,78174.0,912000.0,33336,23441.0
53,College Point,Queens,-73.85964420403228,40.7851125024082,11356,Queens County,North Queens,58465.0,562900.0,23438,14915.0
54,Columbia Street,Brooklyn,-74.00498561531474,40.68863277624171,11231,Kings County,Northwest Brooklyn,78174.0,912000.0,33336,23441.0
55,Coney Island,Brooklyn,-73.98796813993853,40.57539051485908,11224,Kings County,Southern Brooklyn,27481.0,317800.0,47621,30841.0
56,Corona,Queens,-73.85660822876817,40.74079142991454,11368,Queens County,West Queens,45964.0,480900.0,109931,41768.0
58,Country Club,Bronx,-73.81521471028854,40.84398817490871,10465,Bronx County,Southeast Bronx,65450.0,437800.0,42230,12313.0
59,Crotona Park,Bronx,-73.89505101724278,40.837955176214194,10459,Bronx County,Hunts Point and Mott Haven,24461.0,343900.0,47308,57907.0
60,Crotona Park East,Bronx,-73.88343061378565,40.83526766081114,10460,Bronx County,Central Bronx,22307.0,391700.0,57311,43567.0
61,Crown Heights North,Brooklyn,-73.93557955031052,40.675122779212025,11213,Kings County,Central Brooklyn,34794.0,582300.0,63767,58448.0
62,Crown Heights South,Brooklyn,-73.9463289500483,40.66621642791928,11213,Kings County,Central Brooklyn,34794.0,582300.0,63767,58448.0
63,Cypress Hills,Brooklyn,-73.88457263684566,40.68095094960098,11208,Kings County,East New York and New Lots,35079.0,441100.0,94469,27333.0
64,Douglaston,Queens,-73.74863380292759,40.762635629043594,11362,Queens County,Northeast Queens,82332.0,538000.0,17823,7081.0
65,Downtown Brooklyn/MetroTech,Brooklyn,-73.98523801364169,40.69587050154471,11201,Kings County,Northwest Brooklyn,95369.0,669000.0,51128,35981.0
72,East Flatbush/Remsen Village,Brooklyn,-73.92148188772553,40.652594021955636,11203,Kings County,Flatbush,48400.0,426100.0,76174,35502.0
66,DUMBO/Vinegar Hill,Brooklyn,-73.98768663646355,40.703132732532914,11201,Kings County,Northwest Brooklyn,95369.0,669000.0,51128,35981.0
67,Dyker Heights,Brooklyn,-74.01504208243958,40.61743321146543,11228,Kings County,Southwest Brooklyn,61893.0,681700.0,41788,28428.0
68,East Chelsea,Manhattan,-74.00055338001444,40.748250554159334,10199,New York County,,,,9,349.0
73,East Flushing,Queens,-73.80716879030098,40.75294515008594,11358,Queens County,North Queens,65722.0,625200.0,37546,19260.0
69,East Concourse/Concourse Village,Bronx,-73.91513134072308,40.83058287371743,10456,Bronx County,High Bridge and Morrisania,23452.0,388600.0,86547,84979.0
70,East Elmhurst,Queens,-73.86587099635447,40.7632734396999,11369,Queens County,West Queens,53617.0,464500.0,38615,36170.0
71,East Flatbush/Farragut,Brooklyn,-73.93595734017637,40.64276010509795,11203,Kings County,Flatbush,48400.0,426100.0,76174,35502.0
79,East Village,Manhattan,-73.98648683022024,40.72675919871179,10003,New York County,Lower East Side,92540.0,817700.0,56024,97188.0
80,East Williamsburg,Brooklyn,-73.93082203589742,40.71505083727548,11211,Kings County,Greenpoint,46848.0,655500.0,90117,39209.0
74,East Harlem North,Manhattan,-73.92851721501464,40.80078006704602,10035,New York County,East Harlem,24533.0,445900.0,33969,24329.0
85,Erasmus,Brooklyn,-73.9518879948301,40.64579709637726,11226,Kings County,Flatbush,40734.0,480500.0,101572,78775.0
86,Far Rockaway,Queens,-73.75755779860958,40.60271690157603,11691,Queens County,Rockaways,39409.0,448200.0,60035,21185.0
75,East Harlem South,Manhattan,-73.94187928469458,40.78825569068814,10029,New York County,East Harlem,31888.0,787000.0,76003,92116.0
76,East New York,Brooklyn,-73.8755373169671,40.65481957240651,11239,Kings County,Canarsie and Flatlands,26275.0,354600.0,13393,23470.0
77,East New York/Pennsylvania Avenue,Brooklyn,-73.8948845429896,40.667111266082394,11207,Kings County,East New York and New Lots,32945.0,403800.0,93386,34965.0
78,East Tremont,Bronx,-73.88120190706479,40.843782843908016,10460,Bronx County,Central Bronx,22307.0,391700.0,57311,43567.0
81,Eastchester,Bronx,-73.83102438063446,40.88165589514084,10466,Bronx County,Northeast Bronx,44012.0,391300.0,67813,33601.0
87,Financial District North,Manhattan,-74.00555030731742,40.704632069846596,10005,New York County,Lower Manhattan,124670.0,1000001.0,7135,97048.0
82,Elmhurst,Queens,-73.87952011564641,40.737206099073184,11373,Queens County,West Queens,47667.0,499600.0,100820,66007.0
83,Elmhurst/Maspeth,Queens,-73.89288058490206,40.737891311667994,11373,Queens County,West Queens,47667.0,499600.0,100820,66007.0
84,Eltingville/Annadale/Prince's Bay,Staten Island,-74.19254830736539,40.5205240092086,10309,Richmond County,South Shore,86297.0,539100.0,32519,4840.0
88,Financial District South,Manhattan,-74.01181057800495,40.70127262275775,10004,New York County,Lower Manhattan,129313.0,894200.0,3089,5519.0
89,Flatbush/Ditmas Park,Brooklyn,-73.96209894515745,40.63698149986977,11210,Kings County,Flatbush,55429.0,485500.0,62008,37785.0
90,Flatiron,Manhattan,-73.99678865343326,40.74218874363324,10011,New York County,Chelsea and Clinton,104238.0,914500.0,50984,77436.0
125,Hudson Sq,Manhattan,-74.00891583848473,40.72575992769986,10013,New York County,Greenwich Village and Soho,83725.0,1000001.0,27700,50154.0
91,Flatlands,Brooklyn,-73.92937829673706,40.62812101710276,11210,Kings County,Flatbush,55429.0,485500.0,62008,37785.0
92,Flushing,Queens,-73.8276620685416,40.76028120270716,11355,Queens County,North Queens,41884.0,507500.0,85871,49492.0
93,Flushing Meadows-Corona Park,Queens,-73.84589608690189,40.7475193542386,11368,Queens County,West Queens,45964.0,480900.0,109931,41768.0
94,Fordham South,Bronx,-73.89892588398604,40.85868919311104,10458,Bronx County,Bronx Park and Fordham,24618.0,330300.0,79492,78784.0
95,Forest Hills,Queens,-73.84478828390044,40.72127900116013,11375,Queens County,West Central Queens,72000.0,358300.0,68733,34707.0
96,Forest Park/Highland Park,Queens,-73.86420961517386,40.69980487998142,11421,Queens County,Southwest Queens,60897.0,414700.0,39127,30376.0
97,Fort Greene,Brooklyn,-73.97761243126776,40.69157651433026,11205,Kings County,Northwest Brooklyn,44688.0,636900.0,40366,42508.0
98,Fresh Meadows,Queens,-73.77490131094916,40.73196585385928,11366,Queens County,Central Queens,71350.0,610100.0,13532,12362.0
99,Freshkills Park,Staten Island,-74.20318115230641,40.56822867204138,10312,Richmond County,South Shore,85324.0,467300.0,59304,7723.0
100,Garment District,Manhattan,-73.98871599355992,40.75338644003991,10119,New York County,,,,92,5592.0
101,Glen Oaks,Queens,-73.71560713472552,40.74649686377888,11004,Queens County,Southeast Queens,81709.0,432500.0,14016,14752.0
102,Glendale,Queens,-73.87706507814808,40.7018023200678,11385,Queens County,West Central Queens,50799.0,495800.0,98592,27290.0
103,Governor's Island/Ellis Island/Liberty Island,Manhattan,-74.04577206414315,40.690330527725614,10004,New York County,Lower Manhattan,129313.0,894200.0,3089,5519.0
106,Gowanus,Brooklyn,-73.99187384175546,40.67382309206656,11231,Kings County,Northwest Brooklyn,78174.0,912000.0,33336,23441.0
107,Gramercy,Manhattan,-73.98426922264278,40.73670614808919,10009,New York County,Lower East Side,59929.0,672800.0,61347,99492.0
108,Gravesend,Brooklyn,-73.98862023769573,40.586562108828076,11224,Kings County,Southern Brooklyn,27481.0,317800.0,47621,30841.0
109,Great Kills,Staten Island,-74.14351665280611,40.543050553209525,10308,Richmond County,South Shore,88075.0,452600.0,27357,13864.0
110,Great Kills Park,Staten Island,-74.12998068179232,40.540365552552764,10308,Richmond County,South Shore,88075.0,452600.0,27357,13864.0
111,Green-Wood Cemetery,Brooklyn,-73.99066289428563,40.653079177857045,11218,Kings County,Borough Park,52445.0,546300.0,75220,52664.0
112,Greenpoint,Brooklyn,-73.95632438416925,40.72934042033693,11222,Kings County,Greenpoint,63739.0,726500.0,36934,24232.0
113,Greenwich Village North,Manhattan,-73.99420245699989,40.73190725302693,10003,New York County,Lower East Side,92540.0,817700.0,56024,97188.0
114,Greenwich Village South,Manhattan,-73.99696399176183,40.727634697071345,10012,New York County,Greenwich Village and Soho,86594.0,1000001.0,24090,74517.0
115,Grymes Hill/Clifton,Staten Island,-74.08447422989715,40.61892170080833,10305,Richmond County,Stapleton and St. George,70758.0,415300.0,41749,9819.0
116,Hamilton Heights,Manhattan,-73.95072730174479,40.827919961007574,10031,New York County,Inwood and Washington Heights,37655.0,369800.0,56438,86722.0
117,Hammels/Arverne,Queens,-73.7913161867077,40.59682815827483,11692,Queens County,Rockaways,43354.0,355800.0,18540,18566.0
118,Heartland Village/Todt Hill,Staten Island,-74.12842852830563,40.5885485022425,10306,Richmond County,South Shore,75807.0,450200.0,55909,7481.0
119,Highbridge,Bronx,-73.92626403765132,40.83793777073582,10452,Bronx County,High Bridge and Morrisania,25979.0,402800.0,75371,76548.0
120,Highbridge Park,Manhattan,-73.93132296251537,40.84486112583495,10032,New York County,Inwood and Washington Heights,34568.0,334900.0,57331,87199.0
149,Madison,Brooklyn,-73.94644375217577,40.605565242010876,11229,Kings County,Southern Brooklyn,51725.0,524100.0,80018,36934.0
150,Manhattan Beach,Brooklyn,-73.94123010827566,40.58124707174358,11235,Kings County,Southern Brooklyn,41639.0,531000.0,79132,35237.0
121,Hillcrest/Pomonok,Queens,-73.80535975342914,40.72835742080354,11366,Queens County,Central Queens,71350.0,610100.0,13532,12362.0
122,Hollis,Queens,-73.76402059250488,40.710434105188014,11423,Queens County,Jamaica,60892.0,422200.0,29987,21254.0
123,Homecrest,Brooklyn,-73.96472989029621,40.59826462781473,11223,Kings County,Southern Brooklyn,41328.0,613000.0,78731,37956.0
124,Howard Beach,Queens,-73.85099642131365,40.654135445745354,11414,Queens County,Southwest Queens,66790.0,501700.0,26148,11370.0
126,Hunts Point,Bronx,-73.88912911814516,40.80736387590047,10474,Bronx County,Hunts Point and Mott Haven,25676.0,351800.0,12281,8010.0
127,Inwood,Manhattan,-73.91961479740726,40.85953989760499,10034,New York County,Inwood and Washington Heights,41171.0,354700.0,38908,34544.0
128,Inwood Hill Park,Manhattan,-73.9224837030466,40.876727007521346,10463,Bronx County,Kingsbridge and Riverdale,54258.0,289700.0,67970,47002.0
129,Jackson Heights,Queens,-73.88718209194262,40.75947494033324,11372,Queens County,West Queens,48683.0,265500.0,66636,90360.0
134,Kew Gardens,Queens,-73.83162045185864,40.70855464641296,11415,Queens County,Southwest Queens,63549.0,289800.0,19341,34042.0
151,Manhattan Valley,Manhattan,-73.97100993152024,40.7993770621872,10025,New York County,Upper West Side,68516.0,934600.0,94600,125860.0
130,Jamaica,Queens,-73.79052743458277,40.706137874803616,11433,Queens County,Jamaica,42887.0,379700.0,32687,21062.0
139,Laurelton,Queens,-73.74506711581958,40.676718228508115,11413,Queens County,Southeast Queens,78667.0,406200.0,38912,12553.0
131,Jamaica Estates,Queens,-73.77782421038718,40.71954553290466,11423,Queens County,Jamaica,60892.0,422200.0,29987,21254.0
132,JFK Airport,Queens,-73.75624035803072,40.63812113501789,11422,Queens County,Southeast Queens,84824.0,413800.0,30425,15456.0
133,Kensington,Brooklyn,-73.97651004580256,40.64073359643413,11218,Kings County,Borough Park,52445.0,546300.0,75220,52664.0
140,Lenox Hill East,Manhattan,-73.95571997200136,40.76390679108292,10021,New York County,Upper East Side,107907.0,1000001.0,43631,112711.0
135,Kew Gardens Hills,Queens,-73.82087673493646,40.72787583881263,11367,Queens County,Central Queens,56608.0,376400.0,41047,17252.0
136,Kingsbridge Heights,Bronx,-73.90776106862906,40.86512432789065,10468,Bronx County,Bronx Park and Fordham,33776.0,171200.0,76103,70778.0
137,Kips Bay,Manhattan,-73.97382133463047,40.737884681111716,10016,New York County,Gramercy Park and Murray Hill,105324.0,759600.0,54183,101814.0
141,Lenox Hill West,Manhattan,-73.96011264961102,40.765619987314714,10065,New York County,Upper East Side,115519.0,1000001.0,32270,83533.0
142,Lincoln Square East,Manhattan,-73.98229597835798,40.77131375940732,10019,New York County,Chelsea and Clinton,84424.0,808600.0,42870,63042.0
152,Manhattanville,Manhattan,-73.95613224835144,40.819640190628526,10030,New York County,Central Harlem,31925.0,509000.0,26999,96790.0
138,LaGuardia Airport,Queens,-73.87818911930803,40.778683435466085,11370,Queens County,West Queens,52500.0,517100.0,39688,27899.0
143,Lincoln Square West,Manhattan,-73.99006535672832,40.77639415945142,10069,New York County,,170630.0,966600.0,5199,49908.0
144,Little Italy/NoLiTa,Manhattan,-73.99667510082044,40.72097021682043,10012,New York County,Greenwich Village and Soho,86594.0,1000001.0,24090,74517.0
145,Long Island City/Hunters Point,Queens,-73.9548810003067,40.7425155708542,11109,Queens County,,125871.0,428600.0,3523,87802.0
146,Long Island City/Queens Plaza,Queens,-73.93579074172052,40.753119915941085,11106,Queens County,Northwest Queens,48720.0,433600.0,38875,45359.0
147,Longwood,Bronx,-73.89856557768645,40.81974319807455,10474,Bronx County,Hunts Point and Mott Haven,25676.0,351800.0,12281,8010.0
148,Lower East Side,Manhattan,-73.99121829709992,40.71826706967135,10002,New York County,Lower East Side,33218.0,535600.0,81410,92573.0
153,Marble Hill,Manhattan,-73.91181743207267,40.87456934756944,10468,Bronx County,Bronx Park and Fordham,33776.0,171200.0,76103,70778.0
154,Marine Park/Floyd Bennett Field,Brooklyn,-73.91596815659648,40.59218507505957,11229,Kings County,Southern Brooklyn,51725.0,524100.0,80018,36934.0
155,Marine Park/Mill Basin,Brooklyn,-73.90199773984635,40.61324888898371,11234,Kings County,Canarsie and Flatlands,68431.0,488200.0,87757,11627.0
156,Mariners Harbor,Staten Island,-74.16690539043715,40.6416621201049,10303,Richmond County,Port Richmond,51537.0,325100.0,26337,8395.0
159,Melrose South,Bronx,-73.91345145068446,40.819890777201245,10451,Bronx County,High Bridge and Morrisania,26754.0,170600.0,45713,45043.0
157,Maspeth,Queens,-73.90391721148781,40.72350304757724,11378,Queens County,West Queens,57474.0,538600.0,34981,13697.0
158,Meatpacking/West Village West,Manhattan,-74.01048596077104,40.73689618882252,10014,New York County,Greenwich Village and Soho,108483.0,947300.0,31959,56119.0
160,Middle Village,Queens,-73.88297626085782,40.71934478745253,11379,Queens County,West Central Queens,69843.0,543800.0,34821,16785.0
161,Midtown Center,Manhattan,-73.97734956618415,40.757752716131506,10111,New York County,,,,0,
162,Midtown East,Manhattan,-73.97262465557134,40.756517096203986,10171,New York County,,,,0,
163,Midtown North,Manhattan,-73.9787569469772,40.76556053479537,10153,New York County,,,,0,
164,Midtown South,Manhattan,-73.98474777346333,40.74853196343893,10001,New York County,Chelsea and Clinton,81671.0,650200.0,21102,33959.0
170,Murray Hill,Manhattan,-73.97830323301744,40.747472556701666,10017,New York County,Gramercy Park and Murray Hill,100652.0,637100.0,16575,51775.0
165,Midwood,Brooklyn,-73.95822171558687,40.62171533036947,11230,Kings County,Borough Park,42170.0,598000.0,86408,46966.0
166,Morningside Heights,Manhattan,-73.9636125203845,40.810671030378124,10115,New York County,,,,0,
167,Morrisania/Melrose,Bronx,-73.90502042853323,40.82566879911504,10456,Bronx County,High Bridge and Morrisania,23452.0,388600.0,86547,84979.0
178,Ocean Parkway South,Brooklyn,-73.97150439948601,40.61784697466657,11230,Kings County,Borough Park,42170.0,598000.0,86408,46966.0
168,Mott Haven/Port Morris,Bronx,-73.90324577854359,40.80048800135745,10455,Bronx County,Hunts Point and Mott Haven,22609.0,318600.0,39665,55696.0
169,Mount Hope,Bronx,-73.90635890451844,40.84814861093819,10453,Bronx County,Central Bronx,25470.0,445200.0,78309,85491.0
171,Murray Hill-Queens,Queens,-73.80758324504947,40.768050651289165,11354,Queens County,North Queens,46566.0,380600.0,54878,25324.0
172,New Dorp/Midland Beach,Staten Island,-74.10462648201356,40.5688969556562,10306,Richmond County,South Shore,75807.0,450200.0,55909,7481.0
173,North Corona,Queens,-73.86145876862659,40.75417939234658,11369,Queens County,West Queens,53617.0,464500.0,38615,36170.0
174,Norwood,Bronx,-73.88201558324992,40.87866465781809,10467,Bronx County,Bronx Park and Fordham,36048.0,369500.0,97060,41649.0
175,Oakland Gardens,Queens,-73.75525834025697,40.74364593168266,11364,Queens County,Northeast Queens,72909.0,510800.0,34555,14013.0
179,Old Astoria,Queens,-73.93012305797602,40.772395102261086,11102,Queens County,Northwest Queens,49924.0,597700.0,34133,42255.0
176,Oakwood,Staten Island,-74.12135895690838,40.56455419509825,10306,Richmond County,South Shore,75807.0,450200.0,55909,7481.0
177,Ocean Hill,Brooklyn,-73.91202939695621,40.677068211293644,11233,Kings County,Central Brooklyn,34492.0,551900.0,67053,49746.0
180,Ozone Park,Queens,-73.84852847556859,40.67630724147049,11417,Queens County,Southwest Queens,62086.0,442900.0,28967,25886.0
181,Park Slope,Brooklyn,-73.98067035444839,40.67074530695748,11215,Kings County,Northwest Brooklyn,95654.0,913200.0,63488,29148.0
182,Parkchester,Bronx,-73.85863371434993,40.83709465826657,10462,Bronx County,Southeast Bronx,45864.0,271300.0,75784,51207.0
183,Pelham Bay,Bronx,-73.83110403455547,40.84936888565269,10461,Bronx County,Southeast Bronx,52347.0,454700.0,50502,21045.0
184,Pelham Bay Park,Bronx,-73.78211492262396,40.86720104118668,10464,Bronx County,Southeast Bronx,70078.0,484000.0,4534,1295.0
185,Pelham Parkway,Bronx,-73.85295520236144,40.854369758123,10462,Bronx County,Southeast Bronx,45864.0,271300.0,75784,51207.0
186,Penn Station/Madison Sq West,Manhattan,-73.99199923695822,40.74858480358325,10001,New York County,Chelsea and Clinton,81671.0,650200.0,21102,33959.0
189,Prospect Heights,Brooklyn,-73.96813104653077,40.67670843935793,11238,Kings County,Central Brooklyn,65315.0,656800.0,49262,44555.0
190,Prospect Park,Brooklyn,-73.97256948695825,40.661061138051195,11225,Kings County,Flatbush,42922.0,615700.0,56829,64295.0
187,Port Richmond,Staten Island,-74.12441651858946,40.64011225155275,10310,Richmond County,Port Richmond,61925.0,414600.0,24962,13903.0
188,Prospect-Lefferts Gardens,Brooklyn,-73.9480913530336,40.65874201122463,11225,Kings County,Flatbush,42922.0,615700.0,56829,64295.0
191,Queens Village,Queens,-73.74242883808012,40.716929521619335,11428,Queens County,Southeast Queens,69330.0,407700.0,19168,23021.0
192,Queensboro Hill,Queens,-73.81465247430954,40.74406129735978,11355,Queens County,North Queens,41884.0,507500.0,85871,49492.0
193,Queensbridge/Ravenswood,Queens,-73.93909312925491,40.76274259483616,11106,Queens County,Northwest Queens,48720.0,433600.0,38875,45359.0
194,Randalls Island,Manhattan,-73.92573914151377,40.79182861039341,10035,New York County,East Harlem,24533.0,445900.0,33969,24329.0
196,Rego Park,Queens,-73.86395836116249,40.72617053246332,11374,Queens County,West Central Queens,52532.0,297300.0,43600,46664.0
195,Red Hook,Brooklyn,-74.01303185738682,40.67444683810141,11231,Kings County,Northwest Brooklyn,78174.0,912000.0,33336,23441.0
203,Rosedale,Queens,-73.74492430236542,40.6440908840353,11516,Nassau County,,85985.0,561700.0,7556,8650.0
197,Richmond Hill,Queens,-73.82909581332206,40.695485450758305,11418,Queens County,Southwest Queens,60691.0,427000.0,36256,22201.0
198,Ridgewood,Queens,-73.9041678978622,40.70735961699393,11237,Kings County,Bushwick and Williamsburg,40372.0,464500.0,49896,50927.0
199,Rikers Island,Bronx,-73.88068296554155,40.793489267559615,11370,Queens County,West Queens,52500.0,517100.0,39688,27899.0
212,Soundview/Bruckner,Bronx,-73.86816614097555,40.82796669213,10472,Bronx County,Southeast Bronx,30288.0,429600.0,66358,63167.0
213,Soundview/Castle Hill,Bronx,-73.84604707684642,40.818231505729486,10473,Bronx County,Southeast Bronx,35866.0,386600.0,58519,26846.0
200,Riverdale/North Riverdale/Fieldston,Bronx,-73.90818464748966,40.8989488341632,10471,Bronx County,Kingsbridge and Riverdale,71798.0,360800.0,22922,8878.0
204,Rossville/Woodrow,Staten Island,-74.2088459533494,40.53992337053872,10309,Richmond County,South Shore,86297.0,539100.0,32519,4840.0
201,Rockaway Park,Queens,-73.83824585815488,40.57875329234348,11694,Queens County,Rockaways,76944.0,623200.0,20408,14944.0
202,Roosevelt Island,Manhattan,-73.95021026144616,40.76176295207693,11106,Queens County,Northwest Queens,48720.0,433600.0,38875,45359.0
205,Saint Albans,Queens,-73.76427255413257,40.69287531816105,11412,Queens County,Jamaica,70672.0,385700.0,34882,21186.0
206,Saint George/New Brighton,Staten Island,-74.0999403212691,40.64055721778457,10301,Richmond County,Stapleton and St. George,56848.0,402300.0,39706,10852.0
207,Saint Michaels Cemetery/Woodside,Queens,-73.89765319869635,40.76376514860704,11103,Queens County,Northwest Queens,55129.0,648900.0,38780,54537.0
208,Schuylerville/Edgewater Park,Bronx,-73.8310289986949,40.830124261561735,10465,Bronx County,Southeast Bronx,65450.0,437800.0,42230,12313.0
209,Seaport,Manhattan,-74.00226657374267,40.708273002115355,10038,New York County,Lower Manhattan,66074.0,616300.0,20300,68214.0
210,Sheepshead Bay,Brooklyn,-73.93013717269702,40.5900037711289,11229,Kings County,Southern Brooklyn,51725.0,524100.0,80018,36934.0
211,SoHo,Manhattan,-74.00219049199994,40.7235112873076,10012,New York County,Greenwich Village and Soho,86594.0,1000001.0,24090,74517.0
214,South Beach/Dongan Hills,Staten Island,-74.07929472400534,40.58392472989539,10305,Richmond County,Stapleton and St. George,70758.0,415300.0,41749,9819.0
215,South Jamaica,Queens,-73.7920721209473,40.69474293071043,11433,Queens County,Jamaica,42887.0,379700.0,32687,21062.0
216,South Ozone Park,Queens,-73.81713132159457,40.67647600023638,11420,Queens County,Southwest Queens,59832.0,421200.0,44354,21345.0
217,South Williamsburg,Brooklyn,-73.95803772593744,40.704056796537415,11211,Kings County,Greenpoint,46848.0,655500.0,90117,39209.0
218,Springfield Gardens North,Queens,-73.77276119912626,40.67293090829466,11434,Queens County,Jamaica,59229.0,371900.0,59129,18256.0
219,Springfield Gardens South,Queens,-73.77040398540944,40.661961047533225,11434,Queens County,Jamaica,59229.0,371900.0,59129,18256.0
225,Stuyvesant Heights,Brooklyn,-73.93046973359647,40.68873732053206,11221,Kings County,Bushwick and Williamsburg,39178.0,543800.0,78895,57033.0
220,Spuyten Duyvil/Kingsbridge,Bronx,-73.9120494648936,40.88229527421792,10463,Bronx County,Kingsbridge and Riverdale,54258.0,289700.0,67970,47002.0
224,Stuy Town/Peter Cooper Village,Manhattan,-73.97432494659836,40.73162175627518,10009,New York County,Lower East Side,59929.0,672800.0,61347,99492.0
226,Sunnyside,Queens,-73.92583673387934,40.7269999517341,11378,Queens County,West Queens,57474.0,538600.0,34981,13697.0
221,Stapleton,Staten Island,-74.07219202846689,40.62045813852951,10305,Richmond County,Stapleton and St. George,70758.0,415300.0,41749,9819.0
222,Starrett City,Brooklyn,-73.88594887567128,40.6457561784703,11236,Kings County,Canarsie and Flatlands,61061.0,478700.0,93877,26112.0
223,Steinway,Queens,-73.89569965177398,40.782078492613536,11370,Queens County,West Queens,52500.0,517100.0,39688,27899.0
227,Sunset Park East,Brooklyn,-74.00686328972992,40.63975193057991,11220,Kings County,Sunset Park,37580.0,615300.0,99598,55603.0
228,Sunset Park West,Brooklyn,-74.0119474835768,40.65547842971836,11220,Kings County,Sunset Park,37580.0,615300.0,99598,55603.0
229,Sutton Place/Turtle Bay North,Manhattan,-73.96428391749836,40.75578433963389,10022,New York County,Gramercy Park and Murray Hill,109019.0,866100.0,31924,73158.0
230,Times Sq/Theatre District,Manhattan,-73.98431328446868,40.75960675437493,10020,New York County,Chelsea and Clinton,,,0,
231,TriBeCa/Civic Center,Manhattan,-74.00988012165361,40.71884791267151,10013,New York County,Greenwich Village and Soho,83725.0,1000001.0,27700,50154.0
239,Upper West Side South,Manhattan,-73.98317024389998,40.78479094272763,10023,New York County,Upper West Side,103534.0,872500.0,60998,124357.0
232,Two Bridges/Seward Park,Manhattan,-73.98295429854691,40.713593866942,10002,New York County,Lower East Side,33218.0,535600.0,81410,92573.0
233,UN/Turtle Bay South,Manhattan,-73.96718218257266,40.74645601272847,10017,New York County,Gramercy Park and Murray Hill,100652.0,637100.0,16575,51775.0
234,Union Sq,Manhattan,-73.99013084814274,40.73930962587746,10011,New York County,Chelsea and Clinton,104238.0,914500.0,50984,77436.0
235,University Heights/Morris Heights,Bronx,-73.91715837221277,40.85413220003511,10453,Bronx County,Central Bronx,25470.0,445200.0,78309,85491.0
236,Upper East Side North,Manhattan,-73.95713832046145,40.78026297126913,10028,New York County,Upper East Side,104638.0,1000001.0,45141,143683.0
237,Upper East Side South,Manhattan,-73.96566603151011,40.768456095306036,10065,New York County,Upper East Side,115519.0,1000001.0,32270,83533.0
238,Upper West Side North,Manhattan,-73.97406636327197,40.79238761227657,10162,New York County,,168667.0,,1685,148228.0
240,Van Cortlandt Park,Bronx,-73.87908464525641,40.89079994223442,10467,Bronx County,Bronx Park and Fordham,36048.0,369500.0,97060,41649.0
241,Van Cortlandt Village,Bronx,-73.89597174141073,40.8753425177286,10468,Bronx County,Bronx Park and Fordham,33776.0,171200.0,76103,70778.0
258,Woodhaven,Queens,-73.8547316409158,40.68764043950458,11416,Queens County,Southwest Queens,56724.0,447200.0,24861,37347.0
242,Van Nest/Morris Park,Bronx,-73.84922971365067,40.848513949686435,10462,Bronx County,Southeast Bronx,45864.0,271300.0,75784,51207.0
245,West Brighton,Staten Island,-74.10379674803772,40.63234667885525,10301,Richmond County,Stapleton and St. George,56848.0,402300.0,39706,10852.0
263,Yorkville West,Manhattan,-73.95019865397909,40.77901985064576,10028,New York County,Upper East Side,104638.0,1000001.0,45141,143683.0
243,Washington Heights North,Manhattan,-73.93751947033391,40.85737312681301,10034,New York County,Inwood and Washington Heights,41171.0,354700.0,38908,34544.0
244,Washington Heights South,Manhattan,-73.94325607354216,40.84284998700479,10032,New York County,Inwood and Washington Heights,34568.0,334900.0,57331,87199.0
253,Willets Point,Queens,-73.84220212215655,40.762045302849465,11368,Queens County,West Queens,45964.0,480900.0,109931,41768.0
246,West Chelsea/Hudson Yards,Manhattan,-74.00811097157023,40.75010482577549,10199,New York County,,,,9,349.0
247,West Concourse,Bronx,-73.92407632073248,40.830233394475115,10452,Bronx County,High Bridge and Morrisania,25979.0,402800.0,75371,76548.0
248,West Farms/Bronx River,Bronx,-73.87366158191142,40.83486171692912,10460,Bronx County,Central Bronx,22307.0,391700.0,57311,43567.0
249,West Village,Manhattan,-74.00308130090468,40.73381070285705,10011,New York County,Chelsea and Clinton,104238.0,914500.0,50984,77436.0
257,Windsor Terrace,Brooklyn,-73.97842658619118,40.656034146973816,11218,Kings County,Borough Park,52445.0,546300.0,75220,52664.0
250,Westchester Village/Unionport,Bronx,-73.84496166598413,40.834344459303914,10461,Bronx County,Southeast Bronx,52347.0,454700.0,50502,21045.0
251,Westerleigh,Staten Island,-74.12607421786721,40.616502746421695,10310,Richmond County,Port Richmond,61925.0,414600.0,24962,13903.0
252,Whitestone,Queens,-73.81498804996954,40.79509713890858,11357,Queens County,North Queens,71978.0,590800.0,39150,13973.0
254,Williamsbridge/Olinville,Bronx,-73.85905547067351,40.88239282715963,10467,Bronx County,Bronx Park and Fordham,36048.0,369500.0,97060,41649.0
255,Williamsburg (North Side),Brooklyn,-73.96167244815561,40.71965141116873,11211,Kings County,Greenpoint,46848.0,655500.0,90117,39209.0
256,Williamsburg (South Side),Brooklyn,-73.96294028477239,40.71073579169563,11211,Kings County,Greenpoint,46848.0,655500.0,90117,39209.0
259,Woodlawn/Wakefield,Bronx,-73.85363505790906,40.900107387748804,10470,Bronx County,Northeast Bronx,58600.0,401200.0,15293,10734.0
260,Woodside,Queens,-73.90590742873157,40.746438543566065,11377,Queens County,West Queens,49886.0,395800.0,89830,35274.0
261,World Trade Center,Manhattan,-74.01398316194279,40.70745550442849,10006,New York County,Lower Manhattan,119274.0,714300.0,3011,32796.0
262,Yorkville East,Manhattan,-73.94191363332249,40.77903913536544,10028,New York County,Upper East Side,104638.0,1000001.0,45141,143683.0
